Lake,Model,Horizon_m,RMSE_m,MAE_m,n_scored,skill_vs_SARIMA_%,nRMSE_pct,MASE
Lake Albert,RandomWalk,1,0.1539,0.1214,60,-23.8,27.1,0.285
Lake Albert,RandomWalk,3,0.3798,0.2944,58,-24.3,67.0,0.692
Lake Albert,RandomWalk,6,0.6187,0.4954,55,-11.6,109.1,1.165
Lake Albert,RandomWalk,12,0.9827,0.8373,49,10.0,173.3,1.969
Lake Albert,SARIMA,1,0.1243,0.1003,60,0.0,21.9,0.236
Lake Albert,SARIMA,3,0.3055,0.2348,58,0.0,53.9,0.552
Lake Albert,SARIMA,6,0.5542,0.4443,55,0.0,97.7,1.045
Lake Albert,SARIMA,12,1.0918,0.913,49,0.0,192.5,2.147
Lake Albert,GNAR,1,0.1361,0.1115,60,-9.5,24.0,0.262
Lake Albert,GNAR,3,0.3187,0.2582,58,-4.3,56.2,0.607
Lake Albert,GNAR,6,0.5588,0.4541,55,-0.8,98.5,1.068
Lake Albert,GNAR,12,1.0019,0.8559,49,8.2,176.7,2.012
Lake Albert,GNAR_refit,1,0.1329,0.1086,60,-6.9,23.4,0.255
Lake Albert,GNAR_refit,3,0.3164,0.2542,58,-3.6,55.8,0.598
Lake Albert,GNAR_refit,6,0.5597,0.4522,55,-1.0,98.7,1.063
Lake Albert,GNAR_refit,12,1.0155,0.8649,49,7.0,179.1,2.034
Lake Albert,GNARX_wb,1,0.1316,0.1093,60,-5.9,23.2,0.257
Lake Albert,GNARX_wb,3,0.3197,0.2605,58,-4.6,56.4,0.612
Lake Albert,GNARX_wb,6,0.5627,0.4595,55,-1.5,99.2,1.08
Lake Albert,GNARX_wb,12,0.9985,0.8611,49,8.5,176.1,2.025
Lake Albert,GNARX_wb_refit,1,0.129,0.106,60,-3.8,22.7,0.249
Lake Albert,GNARX_wb_refit,3,0.3181,0.2577,58,-4.1,56.1,0.606
Lake Albert,GNARX_wb_refit,6,0.5644,0.4582,55,-1.8,99.5,1.077
Lake Albert,GNARX_wb_refit,12,1.013,0.8706,49,7.2,178.6,2.047
Lake Albert,GNARX_wb_dmi,1,0.1257,0.1031,60,-1.1,22.2,0.242
Lake Albert,GNARX_wb_dmi,3,0.2985,0.2411,58,2.3,52.6,0.567
Lake Albert,GNARX_wb_dmi,6,0.5155,0.4145,55,7.0,90.9,0.975
Lake Albert,GNARX_wb_dmi,12,0.9001,0.7537,49,17.6,158.7,1.772
Lake Albert,GNARX_wb_dmi_refit,1,0.1233,0.0999,60,0.8,21.7,0.235
Lake Albert,GNARX_wb_dmi_refit,3,0.2961,0.2369,58,3.1,52.2,0.557
Lake Albert,GNARX_wb_dmi_refit,6,0.5148,0.4119,55,7.1,90.8,0.968
Lake Albert,GNARX_wb_dmi_refit,12,0.9098,0.7593,49,16.7,160.4,1.785
Lake Edward,RandomWalk,1,0.1074,0.0853,60,-23.4,35.0,0.286
Lake Edward,RandomWalk,3,0.2097,0.1683,58,-25.0,68.4,0.564
Lake Edward,RandomWalk,6,0.2486,0.2017,55,-0.9,81.1,0.676
Lake Edward,RandomWalk,12,0.2818,0.2364,49,0.9,91.9,0.792
Lake Edward,SARIMA,1,0.087,0.0685,60,0.0,28.4,0.229
Lake Edward,SARIMA,3,0.1678,0.1339,58,0.0,54.7,0.448
Lake Edward,SARIMA,6,0.2463,0.2002,55,0.0,80.3,0.671
Lake Edward,SARIMA,12,0.2844,0.2391,49,0.0,92.8,0.801
Lake Edward,GNAR,1,0.0806,0.0668,60,7.4,26.3,0.224
Lake Edward,GNAR,3,0.1466,0.1212,58,12.6,47.8,0.406
Lake Edward,GNAR,6,0.2365,0.1893,55,4.0,77.1,0.634
Lake Edward,GNAR,12,0.3107,0.2612,49,-9.2,101.4,0.875
Lake Edward,GNAR_refit,1,0.0807,0.0668,60,7.2,26.3,0.224
Lake Edward,GNAR_refit,3,0.1468,0.1212,58,12.5,47.9,0.406
Lake Edward,GNAR_refit,6,0.2375,0.1888,55,3.6,77.5,0.632
Lake Edward,GNAR_refit,12,0.3139,0.2633,49,-10.4,102.4,0.882
Lake Edward,GNARX_wb,1,0.0903,0.0716,60,-3.8,29.5,0.24
Lake Edward,GNARX_wb,3,0.1517,0.1238,58,9.6,49.5,0.415
Lake Edward,GNARX_wb,6,0.231,0.1893,55,6.2,75.4,0.634
Lake Edward,GNARX_wb,12,0.3076,0.2664,49,-8.2,100.3,0.892
Lake Edward,GNARX_wb_refit,1,0.0898,0.0711,60,-3.2,29.3,0.238
Lake Edward,GNARX_wb_refit,3,0.1516,0.1239,58,9.7,49.5,0.415
Lake Edward,GNARX_wb_refit,6,0.232,0.1895,55,5.8,75.7,0.635
Lake Edward,GNARX_wb_refit,12,0.3105,0.2682,49,-9.2,101.3,0.898
Lake Edward,GNARX_wb_dmi,1,0.0948,0.0753,60,-9.0,30.9,0.252
Lake Edward,GNARX_wb_dmi,3,0.1701,0.1409,58,-1.4,55.5,0.472
Lake Edward,GNARX_wb_dmi,6,0.2698,0.2166,55,-9.5,88.0,0.725
Lake Edward,GNARX_wb_dmi,12,0.4224,0.3686,49,-48.5,137.8,1.235
Lake Edward,GNARX_wb_dmi_refit,1,0.0943,0.0748,60,-8.4,30.8,0.251
Lake Edward,GNARX_wb_dmi_refit,3,0.1704,0.1413,58,-1.5,55.6,0.473
Lake Edward,GNARX_wb_dmi_refit,6,0.2714,0.2178,55,-10.2,88.5,0.73
Lake Edward,GNARX_wb_dmi_refit,12,0.4258,0.3713,49,-49.7,138.9,1.244
Lake Kivu,RandomWalk,1,0.1098,0.0836,60,-32.1,33.6,0.286
Lake Kivu,RandomWalk,3,0.2281,0.1896,58,-84.4,69.8,0.649
Lake Kivu,RandomWalk,6,0.3035,0.2554,55,-78.1,92.9,0.874
Lake Kivu,RandomWalk,12,0.2057,0.1616,49,3.3,63.0,0.553
Lake Kivu,SARIMA,1,0.0831,0.0617,60,0.0,25.4,0.211
Lake Kivu,SARIMA,3,0.1237,0.0958,58,0.0,37.9,0.328
Lake Kivu,SARIMA,6,0.1704,0.1346,55,0.0,52.2,0.46
Lake Kivu,SARIMA,12,0.2128,0.1657,49,0.0,65.2,0.567
Lake Kivu,GNAR,1,0.0786,0.0588,60,5.4,24.1,0.201
Lake Kivu,GNAR,3,0.129,0.0972,58,-4.3,39.5,0.333
Lake Kivu,GNAR,6,0.1864,0.146,55,-9.4,57.1,0.499
Lake Kivu,GNAR,12,0.2239,0.1719,49,-5.2,68.6,0.588
Lake Kivu,GNAR_refit,1,0.079,0.0592,60,4.9,24.2,0.203
Lake Kivu,GNAR_refit,3,0.1297,0.0976,58,-4.9,39.7,0.334
Lake Kivu,GNAR_refit,6,0.1878,0.1466,55,-10.2,57.5,0.502
Lake Kivu,GNAR_refit,12,0.228,0.1738,49,-7.1,69.8,0.595
Lake Kivu,GNARX_wb,1,0.0734,0.0568,60,11.7,22.5,0.194
Lake Kivu,GNARX_wb,3,0.1265,0.1002,58,-2.3,38.7,0.343
Lake Kivu,GNARX_wb,6,0.1728,0.1397,55,-1.4,52.9,0.478
Lake Kivu,GNARX_wb,12,0.2131,0.1713,49,-0.1,65.2,0.586
Lake Kivu,GNARX_wb_refit,1,0.0735,0.0566,60,11.6,22.5,0.194
Lake Kivu,GNARX_wb_refit,3,0.1269,0.1003,58,-2.6,38.9,0.343
Lake Kivu,GNARX_wb_refit,6,0.1741,0.1404,55,-2.2,53.3,0.48
Lake Kivu,GNARX_wb_refit,12,0.2169,0.1733,49,-1.9,66.4,0.593
Lake Kivu,GNARX_wb_dmi,1,0.0764,0.0593,60,8.1,23.4,0.203
Lake Kivu,GNARX_wb_dmi,3,0.1364,0.11,58,-10.3,41.8,0.376
Lake Kivu,GNARX_wb_dmi,6,0.1987,0.1553,55,-16.6,60.8,0.531
Lake Kivu,GNARX_wb_dmi,12,0.3159,0.2487,49,-48.4,96.7,0.851
Lake Kivu,GNARX_wb_dmi_refit,1,0.0767,0.0594,60,7.7,23.5,0.203
Lake Kivu,GNARX_wb_dmi_refit,3,0.1372,0.1105,58,-10.9,42.0,0.378
Lake Kivu,GNARX_wb_dmi_refit,6,0.2011,0.1566,55,-18.0,61.6,0.536
Lake Kivu,GNARX_wb_dmi_refit,12,0.3195,0.2511,49,-50.1,97.8,0.859
Lake Malawi,RandomWalk,1,0.2235,0.185,60,-102.8,34.7,0.639
Lake Malawi,RandomWalk,3,0.5707,0.4954,58,-130.7,88.6,1.71
Lake Malawi,RandomWalk,6,0.7759,0.6755,55,-108.5,120.5,2.331
Lake Malawi,RandomWalk,12,0.547,0.5005,49,1.4,84.9,1.727
Lake Malawi,SARIMA,1,0.1102,0.0692,60,0.0,17.1,0.239
Lake Malawi,SARIMA,3,0.2474,0.1658,58,0.0,38.4,0.572
Lake Malawi,SARIMA,6,0.3721,0.2811,55,0.0,57.8,0.97
Lake Malawi,SARIMA,12,0.5549,0.4783,49,0.0,86.2,1.651
Lake Malawi,GNAR,1,0.1083,0.0654,60,1.7,16.8,0.226
Lake Malawi,GNAR,3,0.2359,0.1545,58,4.6,36.6,0.533
Lake Malawi,GNAR,6,0.3575,0.2638,55,3.9,55.5,0.91
Lake Malawi,GNAR,12,0.5544,0.4887,49,0.1,86.1,1.687
Lake Malawi,GNAR_refit,1,0.1081,0.0653,60,1.9,16.8,0.225
Lake Malawi,GNAR_refit,3,0.2368,0.1552,58,4.3,36.8,0.536
Lake Malawi,GNAR_refit,6,0.3601,0.2653,55,3.2,55.9,0.916
Lake Malawi,GNAR_refit,12,0.562,0.4868,49,-1.3,87.3,1.68
Lake Malawi,GNARX_wb,1,0.082,0.0526,60,25.6,12.7,0.182
Lake Malawi,GNARX_wb,3,0.2194,0.1403,58,11.3,34.1,0.484
Lake Malawi,GNARX_wb,6,0.3447,0.2469,55,7.4,53.5,0.852
Lake Malawi,GNARX_wb,12,0.5351,0.4766,49,3.6,83.1,1.645
Lake Malawi,GNARX_wb_refit,1,0.0825,0.0527,60,25.1,12.8,0.182
Lake Malawi,GNARX_wb_refit,3,0.2207,0.1408,58,10.8,34.3,0.486
Lake Malawi,GNARX_wb_refit,6,0.3473,0.2479,55,6.7,53.9,0.856
Lake Malawi,GNARX_wb_refit,12,0.5427,0.4749,49,2.2,84.3,1.639
Lake Malawi,GNARX_wb_dmi,1,0.0818,0.0524,60,25.8,12.7,0.181
Lake Malawi,GNARX_wb_dmi,3,0.2154,0.1474,58,12.9,33.5,0.509
Lake Malawi,GNARX_wb_dmi,6,0.3422,0.2426,55,8.0,53.1,0.837
Lake Malawi,GNARX_wb_dmi,12,0.5797,0.4757,49,-4.5,90.0,1.642
Lake Malawi,GNARX_wb_dmi_refit,1,0.0825,0.0526,60,25.1,12.8,0.182
Lake Malawi,GNARX_wb_dmi_refit,3,0.2175,0.1499,58,12.1,33.8,0.517
Lake Malawi,GNARX_wb_dmi_refit,6,0.3476,0.2458,55,6.6,54.0,0.848
Lake Malawi,GNARX_wb_dmi_refit,12,0.5938,0.4813,49,-7.0,92.2,1.661
Lake Tanganyika,RandomWalk,1,0.1712,0.1472,60,-95.0,36.5,0.497
Lake Tanganyika,RandomWalk,3,0.4286,0.3809,58,-111.5,91.5,1.287
Lake Tanganyika,RandomWalk,6,0.6197,0.5191,55,-81.3,132.2,1.754
Lake Tanganyika,RandomWalk,12,0.4753,0.394,49,-4.5,101.4,1.332
Lake Tanganyika,SARIMA,1,0.0878,0.0624,60,0.0,18.7,0.211
Lake Tanganyika,SARIMA,3,0.2026,0.1551,58,0.0,43.2,0.524
Lake Tanganyika,SARIMA,6,0.3418,0.2706,55,0.0,72.9,0.915
Lake Tanganyika,SARIMA,12,0.4547,0.3789,49,0.0,97.0,1.281
Lake Tanganyika,GNAR,1,0.0758,0.0518,60,13.7,16.2,0.175
Lake Tanganyika,GNAR,3,0.1589,0.1202,58,21.6,33.9,0.406
Lake Tanganyika,GNAR,6,0.268,0.211,55,21.6,57.2,0.713
Lake Tanganyika,GNAR,12,0.4319,0.36,49,5.0,92.2,1.217
Lake Tanganyika,GNAR_refit,1,0.076,0.0522,60,13.4,16.2,0.176
Lake Tanganyika,GNAR_refit,3,0.1587,0.1209,58,21.7,33.9,0.409
Lake Tanganyika,GNAR_refit,6,0.2669,0.2118,55,21.9,56.9,0.716
Lake Tanganyika,GNAR_refit,12,0.4291,0.3561,49,5.6,91.6,1.203
Lake Tanganyika,GNARX_wb,1,0.0733,0.048,60,16.5,15.6,0.162
Lake Tanganyika,GNARX_wb,3,0.1559,0.1174,58,23.1,33.3,0.397
Lake Tanganyika,GNARX_wb,6,0.2644,0.2102,55,22.6,56.4,0.71
Lake Tanganyika,GNARX_wb,12,0.4326,0.3617,49,4.9,92.3,1.222
Lake Tanganyika,GNARX_wb_refit,1,0.0734,0.0484,60,16.4,15.7,0.164
Lake Tanganyika,GNARX_wb_refit,3,0.1559,0.1186,58,23.1,33.3,0.401
Lake Tanganyika,GNARX_wb_refit,6,0.2639,0.2121,55,22.8,56.3,0.717
Lake Tanganyika,GNARX_wb_refit,12,0.43,0.3582,49,5.4,91.8,1.211
Lake Tanganyika,GNARX_wb_dmi,1,0.0719,0.0471,60,18.1,15.3,0.159
Lake Tanganyika,GNARX_wb_dmi,3,0.1411,0.1095,58,30.4,30.1,0.37
Lake Tanganyika,GNARX_wb_dmi,6,0.2199,0.1838,55,35.7,46.9,0.621
Lake Tanganyika,GNARX_wb_dmi,12,0.3198,0.2871,49,29.7,68.2,0.97
Lake Tanganyika,GNARX_wb_dmi_refit,1,0.072,0.0475,60,18.0,15.4,0.161
Lake Tanganyika,GNARX_wb_dmi_refit,3,0.1416,0.1103,58,30.1,30.2,0.373
Lake Tanganyika,GNARX_wb_dmi_refit,6,0.2208,0.1851,55,35.4,47.1,0.626
Lake Tanganyika,GNARX_wb_dmi_refit,12,0.32,0.2851,49,29.6,68.3,0.964
Lake Turkana,RandomWalk,1,0.1204,0.086,60,-20.8,10.7,0.129
Lake Turkana,RandomWalk,3,0.2748,0.2148,58,-12.0,24.4,0.322
Lake Turkana,RandomWalk,6,0.449,0.3703,55,-8.6,39.8,0.555
Lake Turkana,RandomWalk,12,0.8021,0.6708,49,-18.0,71.1,1.005
Lake Turkana,SARIMA,1,0.0997,0.0722,60,0.0,8.8,0.108
Lake Turkana,SARIMA,3,0.2454,0.1988,58,0.0,21.8,0.298
Lake Turkana,SARIMA,6,0.4134,0.3584,55,0.0,36.6,0.537
Lake Turkana,SARIMA,12,0.68,0.615,49,0.0,60.3,0.922
Lake Turkana,GNAR,1,0.1137,0.0863,60,-14.0,10.1,0.129
Lake Turkana,GNAR,3,0.3104,0.2601,58,-26.5,27.5,0.39
Lake Turkana,GNAR,6,0.5324,0.442,55,-28.8,47.2,0.662
Lake Turkana,GNAR,12,0.6345,0.503,49,6.7,56.2,0.754
Lake Turkana,GNAR_refit,1,0.1137,0.0863,60,-14.0,10.1,0.129
Lake Turkana,GNAR_refit,3,0.311,0.2606,58,-26.7,27.6,0.39
Lake Turkana,GNAR_refit,6,0.5323,0.4418,55,-28.8,47.2,0.662
Lake Turkana,GNAR_refit,12,0.6274,0.494,49,7.7,55.6,0.74
Lake Turkana,GNARX_wb,1,0.111,0.0847,60,-11.3,9.8,0.127
Lake Turkana,GNARX_wb,3,0.3109,0.2607,58,-26.7,27.6,0.391
Lake Turkana,GNARX_wb,6,0.5314,0.4383,55,-28.5,47.1,0.657
Lake Turkana,GNARX_wb,12,0.6521,0.5252,49,4.1,57.8,0.787
Lake Turkana,GNARX_wb_refit,1,0.1111,0.085,60,-11.4,9.8,0.127
Lake Turkana,GNARX_wb_refit,3,0.3115,0.2614,58,-26.9,27.6,0.392
Lake Turkana,GNARX_wb_refit,6,0.5315,0.4386,55,-28.6,47.1,0.657
Lake Turkana,GNARX_wb_refit,12,0.6439,0.5154,49,5.3,57.1,0.772
Lake Turkana,GNARX_wb_dmi,1,0.1071,0.0827,60,-7.4,9.5,0.124
Lake Turkana,GNARX_wb_dmi,3,0.293,0.2446,58,-19.4,26.0,0.367
Lake Turkana,GNARX_wb_dmi,6,0.4796,0.3953,55,-16.0,42.5,0.592
Lake Turkana,GNARX_wb_dmi,12,0.486,0.3977,49,28.5,43.1,0.596
Lake Turkana,GNARX_wb_dmi_refit,1,0.1074,0.0829,60,-7.7,9.5,0.124
Lake Turkana,GNARX_wb_dmi_refit,3,0.2946,0.2455,58,-20.0,26.1,0.368
Lake Turkana,GNARX_wb_dmi_refit,6,0.4835,0.3997,55,-17.0,42.9,0.599
Lake Turkana,GNARX_wb_dmi_refit,12,0.4867,0.3938,49,28.4,43.1,0.59
Lake Victoria,RandomWalk,1,0.1099,0.0894,60,-75.6,19.9,0.282
Lake Victoria,RandomWalk,3,0.2405,0.1921,58,-72.4,43.6,0.607
Lake Victoria,RandomWalk,6,0.3206,0.2448,55,-41.5,58.2,0.773
Lake Victoria,RandomWalk,12,0.3363,0.29,49,1.3,61.0,0.916
Lake Victoria,SARIMA,1,0.0626,0.0503,60,0.0,11.4,0.159
Lake Victoria,SARIMA,3,0.1395,0.1096,58,0.0,25.3,0.346
Lake Victoria,SARIMA,6,0.2266,0.1745,55,0.0,41.1,0.551
Lake Victoria,SARIMA,12,0.3407,0.2929,49,0.0,61.8,0.925
Lake Victoria,GNAR,1,0.0589,0.0465,60,5.9,10.7,0.147
Lake Victoria,GNAR,3,0.1405,0.1095,58,-0.7,25.5,0.346
Lake Victoria,GNAR,6,0.2344,0.1803,55,-3.4,42.5,0.569
Lake Victoria,GNAR,12,0.3487,0.3035,49,-2.3,63.3,0.959
Lake Victoria,GNAR_refit,1,0.0588,0.0463,60,6.1,10.7,0.146
Lake Victoria,GNAR_refit,3,0.1402,0.1088,58,-0.5,25.4,0.344
Lake Victoria,GNAR_refit,6,0.2344,0.1789,55,-3.4,42.5,0.565
Lake Victoria,GNAR_refit,12,0.3532,0.3082,49,-3.7,64.1,0.973
Lake Victoria,GNARX_wb,1,0.0463,0.0358,60,26.0,8.4,0.113
Lake Victoria,GNARX_wb,3,0.1279,0.101,58,8.3,23.2,0.319
Lake Victoria,GNARX_wb,6,0.2162,0.1687,55,4.6,39.2,0.533
Lake Victoria,GNARX_wb,12,0.3344,0.2893,49,1.8,60.7,0.914
Lake Victoria,GNARX_wb_refit,1,0.0466,0.036,60,25.6,8.5,0.114
Lake Victoria,GNARX_wb_refit,3,0.1284,0.1007,58,8.0,23.3,0.318
Lake Victoria,GNARX_wb_refit,6,0.2176,0.1672,55,4.0,39.5,0.528
Lake Victoria,GNARX_wb_refit,12,0.3398,0.2929,49,0.3,61.7,0.925
Lake Victoria,GNARX_wb_dmi,1,0.0453,0.0364,60,27.6,8.2,0.115
Lake Victoria,GNARX_wb_dmi,3,0.1151,0.0929,58,17.5,20.9,0.293
Lake Victoria,GNARX_wb_dmi,6,0.1938,0.1605,55,14.5,35.2,0.507
Lake Victoria,GNARX_wb_dmi,12,0.3298,0.289,49,3.2,59.8,0.913
Lake Victoria,GNARX_wb_dmi_refit,1,0.0456,0.0366,60,27.2,8.3,0.116
Lake Victoria,GNARX_wb_dmi_refit,3,0.1157,0.0929,58,17.1,21.0,0.293
Lake Victoria,GNARX_wb_dmi_refit,6,0.1953,0.1612,55,13.8,35.4,0.509
Lake Victoria,GNARX_wb_dmi_refit,12,0.3327,0.2924,49,2.3,60.4,0.924
