Lake,Model,Horizon_m,RMSE_m,MAE_m,n_scored,skill_vs_SARIMA_%
Lake Albert,RandomWalk,1,0.1539,0.1214,60,-23.8
Lake Albert,RandomWalk,3,0.3798,0.2944,58,-24.3
Lake Albert,RandomWalk,6,0.6187,0.4954,55,-11.6
Lake Albert,RandomWalk,12,0.9827,0.8373,49,10.0
Lake Albert,SARIMA,1,0.1243,0.1003,60,0.0
Lake Albert,SARIMA,3,0.3055,0.2348,58,0.0
Lake Albert,SARIMA,6,0.5542,0.4443,55,0.0
Lake Albert,SARIMA,12,1.0918,0.913,49,0.0
Lake Albert,GNAR,1,0.1361,0.1115,60,-9.5
Lake Albert,GNAR,3,0.3187,0.2582,58,-4.3
Lake Albert,GNAR,6,0.5588,0.4541,55,-0.8
Lake Albert,GNAR,12,1.0019,0.8559,49,8.2
Lake Albert,GNAR_refit,1,0.1329,0.1086,60,-6.9
Lake Albert,GNAR_refit,3,0.3164,0.2542,58,-3.6
Lake Albert,GNAR_refit,6,0.5597,0.4522,55,-1.0
Lake Albert,GNAR_refit,12,1.0155,0.8649,49,7.0
Lake Albert,GNARX_wb,1,0.1316,0.1093,60,-5.9
Lake Albert,GNARX_wb,3,0.3197,0.2605,58,-4.6
Lake Albert,GNARX_wb,6,0.5627,0.4595,55,-1.5
Lake Albert,GNARX_wb,12,0.9985,0.8611,49,8.5
Lake Albert,GNARX_wb_refit,1,0.129,0.106,60,-3.8
Lake Albert,GNARX_wb_refit,3,0.3181,0.2577,58,-4.1
Lake Albert,GNARX_wb_refit,6,0.5644,0.4582,55,-1.8
Lake Albert,GNARX_wb_refit,12,1.013,0.8706,49,7.2
Lake Albert,GNARX_wb_dmi,1,0.1257,0.1031,60,-1.1
Lake Albert,GNARX_wb_dmi,3,0.2985,0.2411,58,2.3
Lake Albert,GNARX_wb_dmi,6,0.5155,0.4145,55,7.0
Lake Albert,GNARX_wb_dmi,12,0.9001,0.7537,49,17.6
Lake Albert,GNARX_wb_dmi_refit,1,0.1233,0.0999,60,0.8
Lake Albert,GNARX_wb_dmi_refit,3,0.2961,0.2369,58,3.1
Lake Albert,GNARX_wb_dmi_refit,6,0.5148,0.4119,55,7.1
Lake Albert,GNARX_wb_dmi_refit,12,0.9098,0.7593,49,16.7
Lake Edward,RandomWalk,1,0.1074,0.0853,60,-23.4
Lake Edward,RandomWalk,3,0.2097,0.1683,58,-25.0
Lake Edward,RandomWalk,6,0.2486,0.2017,55,-0.9
Lake Edward,RandomWalk,12,0.2818,0.2364,49,0.9
Lake Edward,SARIMA,1,0.087,0.0685,60,0.0
Lake Edward,SARIMA,3,0.1678,0.1339,58,0.0
Lake Edward,SARIMA,6,0.2463,0.2002,55,0.0
Lake Edward,SARIMA,12,0.2844,0.2391,49,0.0
Lake Edward,GNAR,1,0.0806,0.0668,60,7.4
Lake Edward,GNAR,3,0.1466,0.1212,58,12.6
Lake Edward,GNAR,6,0.2365,0.1893,55,4.0
Lake Edward,GNAR,12,0.3107,0.2612,49,-9.2
Lake Edward,GNAR_refit,1,0.0807,0.0668,60,7.2
Lake Edward,GNAR_refit,3,0.1468,0.1212,58,12.5
Lake Edward,GNAR_refit,6,0.2375,0.1888,55,3.6
Lake Edward,GNAR_refit,12,0.3139,0.2633,49,-10.4
Lake Edward,GNARX_wb,1,0.0903,0.0716,60,-3.8
Lake Edward,GNARX_wb,3,0.1517,0.1238,58,9.6
Lake Edward,GNARX_wb,6,0.231,0.1893,55,6.2
Lake Edward,GNARX_wb,12,0.3076,0.2664,49,-8.2
Lake Edward,GNARX_wb_refit,1,0.0898,0.0711,60,-3.2
Lake Edward,GNARX_wb_refit,3,0.1516,0.1239,58,9.7
Lake Edward,GNARX_wb_refit,6,0.232,0.1895,55,5.8
Lake Edward,GNARX_wb_refit,12,0.3105,0.2682,49,-9.2
Lake Edward,GNARX_wb_dmi,1,0.0948,0.0753,60,-9.0
Lake Edward,GNARX_wb_dmi,3,0.1701,0.1409,58,-1.4
Lake Edward,GNARX_wb_dmi,6,0.2698,0.2166,55,-9.5
Lake Edward,GNARX_wb_dmi,12,0.4224,0.3686,49,-48.5
Lake Edward,GNARX_wb_dmi_refit,1,0.0943,0.0748,60,-8.4
Lake Edward,GNARX_wb_dmi_refit,3,0.1704,0.1413,58,-1.5
Lake Edward,GNARX_wb_dmi_refit,6,0.2714,0.2178,55,-10.2
Lake Edward,GNARX_wb_dmi_refit,12,0.4258,0.3713,49,-49.7
Lake Kivu,RandomWalk,1,0.1098,0.0836,60,-32.1
Lake Kivu,RandomWalk,3,0.2281,0.1896,58,-84.4
Lake Kivu,RandomWalk,6,0.3035,0.2554,55,-78.1
Lake Kivu,RandomWalk,12,0.2057,0.1616,49,3.3
Lake Kivu,SARIMA,1,0.0831,0.0617,60,0.0
Lake Kivu,SARIMA,3,0.1237,0.0958,58,0.0
Lake Kivu,SARIMA,6,0.1704,0.1346,55,0.0
Lake Kivu,SARIMA,12,0.2128,0.1657,49,0.0
Lake Kivu,GNAR,1,0.0786,0.0588,60,5.4
Lake Kivu,GNAR,3,0.129,0.0972,58,-4.3
Lake Kivu,GNAR,6,0.1864,0.146,55,-9.4
Lake Kivu,GNAR,12,0.2239,0.1719,49,-5.2
Lake Kivu,GNAR_refit,1,0.079,0.0592,60,4.9
Lake Kivu,GNAR_refit,3,0.1297,0.0976,58,-4.9
Lake Kivu,GNAR_refit,6,0.1878,0.1466,55,-10.2
Lake Kivu,GNAR_refit,12,0.228,0.1738,49,-7.1
Lake Kivu,GNARX_wb,1,0.0734,0.0568,60,11.7
Lake Kivu,GNARX_wb,3,0.1265,0.1002,58,-2.3
Lake Kivu,GNARX_wb,6,0.1728,0.1397,55,-1.4
Lake Kivu,GNARX_wb,12,0.2131,0.1713,49,-0.1
Lake Kivu,GNARX_wb_refit,1,0.0735,0.0566,60,11.6
Lake Kivu,GNARX_wb_refit,3,0.1269,0.1003,58,-2.6
Lake Kivu,GNARX_wb_refit,6,0.1741,0.1404,55,-2.2
Lake Kivu,GNARX_wb_refit,12,0.2169,0.1733,49,-1.9
Lake Kivu,GNARX_wb_dmi,1,0.0764,0.0593,60,8.1
Lake Kivu,GNARX_wb_dmi,3,0.1364,0.11,58,-10.3
Lake Kivu,GNARX_wb_dmi,6,0.1987,0.1553,55,-16.6
Lake Kivu,GNARX_wb_dmi,12,0.3159,0.2487,49,-48.4
Lake Kivu,GNARX_wb_dmi_refit,1,0.0767,0.0594,60,7.7
Lake Kivu,GNARX_wb_dmi_refit,3,0.1372,0.1105,58,-10.9
Lake Kivu,GNARX_wb_dmi_refit,6,0.2011,0.1566,55,-18.0
Lake Kivu,GNARX_wb_dmi_refit,12,0.3195,0.2511,49,-50.1
Lake Malawi,RandomWalk,1,0.2235,0.185,60,-102.8
Lake Malawi,RandomWalk,3,0.5707,0.4954,58,-130.7
Lake Malawi,RandomWalk,6,0.7759,0.6755,55,-108.5
Lake Malawi,RandomWalk,12,0.547,0.5005,49,1.4
Lake Malawi,SARIMA,1,0.1102,0.0692,60,0.0
Lake Malawi,SARIMA,3,0.2474,0.1658,58,0.0
Lake Malawi,SARIMA,6,0.3721,0.2811,55,0.0
Lake Malawi,SARIMA,12,0.5549,0.4783,49,0.0
Lake Malawi,GNAR,1,0.1083,0.0654,60,1.7
Lake Malawi,GNAR,3,0.2359,0.1545,58,4.6
Lake Malawi,GNAR,6,0.3575,0.2638,55,3.9
Lake Malawi,GNAR,12,0.5544,0.4887,49,0.1
Lake Malawi,GNAR_refit,1,0.1081,0.0653,60,1.9
Lake Malawi,GNAR_refit,3,0.2368,0.1552,58,4.3
Lake Malawi,GNAR_refit,6,0.3601,0.2653,55,3.2
Lake Malawi,GNAR_refit,12,0.562,0.4868,49,-1.3
Lake Malawi,GNARX_wb,1,0.082,0.0526,60,25.6
Lake Malawi,GNARX_wb,3,0.2194,0.1403,58,11.3
Lake Malawi,GNARX_wb,6,0.3447,0.2469,55,7.4
Lake Malawi,GNARX_wb,12,0.5351,0.4766,49,3.6
Lake Malawi,GNARX_wb_refit,1,0.0825,0.0527,60,25.1
Lake Malawi,GNARX_wb_refit,3,0.2207,0.1408,58,10.8
Lake Malawi,GNARX_wb_refit,6,0.3473,0.2479,55,6.7
Lake Malawi,GNARX_wb_refit,12,0.5427,0.4749,49,2.2
Lake Malawi,GNARX_wb_dmi,1,0.0818,0.0524,60,25.8
Lake Malawi,GNARX_wb_dmi,3,0.2154,0.1474,58,12.9
Lake Malawi,GNARX_wb_dmi,6,0.3422,0.2426,55,8.0
Lake Malawi,GNARX_wb_dmi,12,0.5797,0.4757,49,-4.5
Lake Malawi,GNARX_wb_dmi_refit,1,0.0825,0.0526,60,25.1
Lake Malawi,GNARX_wb_dmi_refit,3,0.2175,0.1499,58,12.1
Lake Malawi,GNARX_wb_dmi_refit,6,0.3476,0.2458,55,6.6
Lake Malawi,GNARX_wb_dmi_refit,12,0.5938,0.4813,49,-7.0
Lake Tanganyika,RandomWalk,1,0.1712,0.1472,60,-95.0
Lake Tanganyika,RandomWalk,3,0.4286,0.3809,58,-111.5
Lake Tanganyika,RandomWalk,6,0.6197,0.5191,55,-81.3
Lake Tanganyika,RandomWalk,12,0.4753,0.394,49,-4.5
Lake Tanganyika,SARIMA,1,0.0878,0.0624,60,0.0
Lake Tanganyika,SARIMA,3,0.2026,0.1551,58,0.0
Lake Tanganyika,SARIMA,6,0.3418,0.2706,55,0.0
Lake Tanganyika,SARIMA,12,0.4547,0.3789,49,0.0
Lake Tanganyika,GNAR,1,0.0758,0.0518,60,13.7
Lake Tanganyika,GNAR,3,0.1589,0.1202,58,21.6
Lake Tanganyika,GNAR,6,0.268,0.211,55,21.6
Lake Tanganyika,GNAR,12,0.4319,0.36,49,5.0
Lake Tanganyika,GNAR_refit,1,0.076,0.0522,60,13.4
Lake Tanganyika,GNAR_refit,3,0.1587,0.1209,58,21.7
Lake Tanganyika,GNAR_refit,6,0.2669,0.2118,55,21.9
Lake Tanganyika,GNAR_refit,12,0.4291,0.3561,49,5.6
Lake Tanganyika,GNARX_wb,1,0.0733,0.048,60,16.5
Lake Tanganyika,GNARX_wb,3,0.1559,0.1174,58,23.1
Lake Tanganyika,GNARX_wb,6,0.2644,0.2102,55,22.6
Lake Tanganyika,GNARX_wb,12,0.4326,0.3617,49,4.9
Lake Tanganyika,GNARX_wb_refit,1,0.0734,0.0484,60,16.4
Lake Tanganyika,GNARX_wb_refit,3,0.1559,0.1186,58,23.1
Lake Tanganyika,GNARX_wb_refit,6,0.2639,0.2121,55,22.8
Lake Tanganyika,GNARX_wb_refit,12,0.43,0.3582,49,5.4
Lake Tanganyika,GNARX_wb_dmi,1,0.0719,0.0471,60,18.1
Lake Tanganyika,GNARX_wb_dmi,3,0.1411,0.1095,58,30.4
Lake Tanganyika,GNARX_wb_dmi,6,0.2199,0.1838,55,35.7
Lake Tanganyika,GNARX_wb_dmi,12,0.3198,0.2871,49,29.7
Lake Tanganyika,GNARX_wb_dmi_refit,1,0.072,0.0475,60,18.0
Lake Tanganyika,GNARX_wb_dmi_refit,3,0.1416,0.1103,58,30.1
Lake Tanganyika,GNARX_wb_dmi_refit,6,0.2208,0.1851,55,35.4
Lake Tanganyika,GNARX_wb_dmi_refit,12,0.32,0.2851,49,29.6
Lake Turkana,RandomWalk,1,0.1204,0.086,60,-20.8
Lake Turkana,RandomWalk,3,0.2748,0.2148,58,-12.0
Lake Turkana,RandomWalk,6,0.449,0.3703,55,-8.6
Lake Turkana,RandomWalk,12,0.8021,0.6708,49,-18.0
Lake Turkana,SARIMA,1,0.0997,0.0722,60,0.0
Lake Turkana,SARIMA,3,0.2454,0.1988,58,0.0
Lake Turkana,SARIMA,6,0.4134,0.3584,55,0.0
Lake Turkana,SARIMA,12,0.68,0.615,49,0.0
Lake Turkana,GNAR,1,0.1137,0.0863,60,-14.0
Lake Turkana,GNAR,3,0.3104,0.2601,58,-26.5
Lake Turkana,GNAR,6,0.5324,0.442,55,-28.8
Lake Turkana,GNAR,12,0.6345,0.503,49,6.7
Lake Turkana,GNAR_refit,1,0.1137,0.0863,60,-14.0
Lake Turkana,GNAR_refit,3,0.311,0.2606,58,-26.7
Lake Turkana,GNAR_refit,6,0.5323,0.4418,55,-28.8
Lake Turkana,GNAR_refit,12,0.6274,0.494,49,7.7
Lake Turkana,GNARX_wb,1,0.111,0.0847,60,-11.3
Lake Turkana,GNARX_wb,3,0.3109,0.2607,58,-26.7
Lake Turkana,GNARX_wb,6,0.5314,0.4383,55,-28.5
Lake Turkana,GNARX_wb,12,0.6521,0.5252,49,4.1
Lake Turkana,GNARX_wb_refit,1,0.1111,0.085,60,-11.4
Lake Turkana,GNARX_wb_refit,3,0.3115,0.2614,58,-26.9
Lake Turkana,GNARX_wb_refit,6,0.5315,0.4386,55,-28.6
Lake Turkana,GNARX_wb_refit,12,0.6439,0.5154,49,5.3
Lake Turkana,GNARX_wb_dmi,1,0.1071,0.0827,60,-7.4
Lake Turkana,GNARX_wb_dmi,3,0.293,0.2446,58,-19.4
Lake Turkana,GNARX_wb_dmi,6,0.4796,0.3953,55,-16.0
Lake Turkana,GNARX_wb_dmi,12,0.486,0.3977,49,28.5
Lake Turkana,GNARX_wb_dmi_refit,1,0.1074,0.0829,60,-7.7
Lake Turkana,GNARX_wb_dmi_refit,3,0.2946,0.2455,58,-20.0
Lake Turkana,GNARX_wb_dmi_refit,6,0.4835,0.3997,55,-17.0
Lake Turkana,GNARX_wb_dmi_refit,12,0.4867,0.3938,49,28.4
Lake Victoria,RandomWalk,1,0.1099,0.0894,60,-75.6
Lake Victoria,RandomWalk,3,0.2405,0.1921,58,-72.4
Lake Victoria,RandomWalk,6,0.3206,0.2448,55,-41.5
Lake Victoria,RandomWalk,12,0.3363,0.29,49,1.3
Lake Victoria,SARIMA,1,0.0626,0.0503,60,0.0
Lake Victoria,SARIMA,3,0.1395,0.1096,58,0.0
Lake Victoria,SARIMA,6,0.2266,0.1745,55,0.0
Lake Victoria,SARIMA,12,0.3407,0.2929,49,0.0
Lake Victoria,GNAR,1,0.0589,0.0465,60,5.9
Lake Victoria,GNAR,3,0.1405,0.1095,58,-0.7
Lake Victoria,GNAR,6,0.2344,0.1803,55,-3.4
Lake Victoria,GNAR,12,0.3487,0.3035,49,-2.3
Lake Victoria,GNAR_refit,1,0.0588,0.0463,60,6.1
Lake Victoria,GNAR_refit,3,0.1402,0.1088,58,-0.5
Lake Victoria,GNAR_refit,6,0.2344,0.1789,55,-3.4
Lake Victoria,GNAR_refit,12,0.3532,0.3082,49,-3.7
Lake Victoria,GNARX_wb,1,0.0463,0.0358,60,26.0
Lake Victoria,GNARX_wb,3,0.1279,0.101,58,8.3
Lake Victoria,GNARX_wb,6,0.2162,0.1687,55,4.6
Lake Victoria,GNARX_wb,12,0.3344,0.2893,49,1.8
Lake Victoria,GNARX_wb_refit,1,0.0466,0.036,60,25.6
Lake Victoria,GNARX_wb_refit,3,0.1284,0.1007,58,8.0
Lake Victoria,GNARX_wb_refit,6,0.2176,0.1672,55,4.0
Lake Victoria,GNARX_wb_refit,12,0.3398,0.2929,49,0.3
Lake Victoria,GNARX_wb_dmi,1,0.0453,0.0364,60,27.6
Lake Victoria,GNARX_wb_dmi,3,0.1151,0.0929,58,17.5
Lake Victoria,GNARX_wb_dmi,6,0.1938,0.1605,55,14.5
Lake Victoria,GNARX_wb_dmi,12,0.3298,0.289,49,3.2
Lake Victoria,GNARX_wb_dmi_refit,1,0.0456,0.0366,60,27.2
Lake Victoria,GNARX_wb_dmi_refit,3,0.1157,0.0929,58,17.1
Lake Victoria,GNARX_wb_dmi_refit,6,0.1953,0.1612,55,13.8
Lake Victoria,GNARX_wb_dmi_refit,12,0.3327,0.2924,49,2.3
