trial,Model,h1,h3,h6,h12
0,GNAR,1.029,1.6,0.614,2.029
0,GNARX_wb,8.6,2.757,1.714,2.2
1,GNAR,0.914,1.371,0.329,1.986
1,GNARX_wb,8.457,2.643,1.543,2.086
2,GNAR,0.971,0.886,-0.629,0.543
2,GNARX_wb,8.386,2.714,1.443,1.886
3,GNAR,1.157,1.043,-0.271,1.457
3,GNARX_wb,8.571,2.971,1.8,2.157
4,GNAR,0.914,0.629,-0.943,0.914
4,GNARX_wb,8.257,2.443,1.214,1.8
5,GNAR,1.229,0.814,-0.429,0.914
5,GNARX_wb,8.329,2.686,1.5,2.029
6,GNAR,0.771,-0.357,-2.571,0.271
6,GNARX_wb,8.486,2.586,1.357,1.986
7,GNAR,1.457,0.986,-0.814,0.871
7,GNARX_wb,8.443,2.686,1.429,2.029
8,GNAR,0.4,-1.814,-3.986,-0.914
8,GNARX_wb,8.6,2.314,0.871,1.729
9,GNAR,0.643,-0.443,-2.614,0.186
9,GNARX_wb,8.386,2.5,1.057,1.9
10,GNAR,0.857,0.871,-0.614,1.057
10,GNARX_wb,8.2,2.543,1.257,1.9
11,GNAR,1.043,0.371,-1.814,0.757
11,GNARX_wb,8.586,2.557,1.171,1.871
12,GNAR,1.214,-0.143,-2.371,0.371
12,GNARX_wb,8.486,2.386,0.9,1.886
13,GNAR,1.329,0.286,-1.543,0.2
13,GNARX_wb,8.286,2.314,1.086,1.871
14,GNAR,1.671,0.329,-1.4,0.714
14,GNARX_wb,8.971,2.671,1.343,1.929
15,GNAR,1.171,0.543,-1.214,0.8
15,GNARX_wb,8.357,2.457,1.2,1.957
16,GNAR,1.2,0.4,-1.557,1.214
16,GNARX_wb,8.743,2.771,1.357,2.071
17,GNAR,0.4,-0.471,-2.314,0.071
17,GNARX_wb,8.557,2.7,1.329,1.886
18,GNAR,0.471,0.457,-0.814,1.514
18,GNARX_wb,8.543,2.571,1.243,2.043
19,GNAR,0.814,-0.243,-2.229,0.2
19,GNARX_wb,8.429,2.129,0.629,1.514
20,GNAR,1.457,0.357,-1.629,0.4
20,GNARX_wb,8.586,2.657,1.443,1.971
21,GNAR,1.257,1.086,-0.1,1.229
21,GNARX_wb,8.4,2.557,1.4,1.929
22,GNAR,1.329,0.271,-1.614,0.629
22,GNARX_wb,8.543,2.429,1.057,1.843
23,GNAR,1.471,0.171,-1.914,0.086
23,GNARX_wb,8.529,2.514,1.171,1.771
24,GNAR,1.414,1.2,-0.386,1.086
24,GNARX_wb,8.557,2.629,1.157,1.929
25,GNAR,1.4,0.257,-1.9,0.1
25,GNARX_wb,8.357,2.657,1.371,1.957
26,GNAR,1.557,2.357,1.543,2.471
26,GNARX_wb,8.514,2.8,1.6,2.057
27,GNAR,1.471,0.886,-0.671,0.886
27,GNARX_wb,8.414,2.6,1.214,1.986
28,GNAR,0.986,0.714,-0.943,0.657
28,GNARX_wb,8.414,2.371,1.1,1.871
29,GNAR,0.8,0.271,-1.186,0.414
29,GNARX_wb,8.543,2.629,1.371,1.857
30,GNAR,1.4,1.443,0.043,1.814
30,GNARX_wb,8.457,2.7,1.586,2.086
31,GNAR,1.071,0.214,-1.957,0.729
31,GNARX_wb,8.286,2.443,1.1,1.9
32,GNAR,1.286,0.186,-1.686,0.443
32,GNARX_wb,8.5,2.786,1.6,2.1
33,GNAR,0.671,-0.329,-2.514,-0.071
33,GNARX_wb,8.557,2.829,1.543,2.229
34,GNAR,1.243,0.143,-1.971,0.143
34,GNARX_wb,8.614,2.743,1.257,1.914
35,GNAR,1.029,0.914,-0.714,1.057
35,GNARX_wb,8.429,2.843,1.629,2.143
36,GNAR,1.286,0.786,-0.657,0.814
36,GNARX_wb,8.329,2.514,1.429,1.8
37,GNAR,1.514,0.529,-1.329,0.286
37,GNARX_wb,8.5,2.543,1.243,1.771
38,GNAR,0.257,-0.671,-2.671,-0.157
38,GNARX_wb,8.5,2.457,1.229,1.929
39,GNAR,1.614,0.729,-1.0,0.714
39,GNARX_wb,8.471,2.629,1.4,2.071
40,GNAR,-0.0,0.243,-1.071,0.314
40,GNARX_wb,8.314,2.657,1.586,2.071
41,GNAR,0.671,-1.186,-3.271,-0.486
41,GNARX_wb,8.771,2.5,0.971,1.586
42,GNAR,0.757,-0.643,-2.4,0.114
42,GNARX_wb,8.429,2.314,0.943,1.786
43,GNAR,1.357,0.514,-1.371,0.229
43,GNARX_wb,8.6,2.8,1.586,2.057
44,GNAR,1.1,0.729,-0.829,0.486
44,GNARX_wb,8.371,2.329,1.114,1.7
45,GNAR,1.029,1.971,0.657,1.857
45,GNARX_wb,8.514,2.871,1.686,2.1
46,GNAR,0.586,-0.1,-1.686,0.643
46,GNARX_wb,8.357,2.171,1.129,2.029
47,GNAR,1.257,0.529,-1.186,0.486
47,GNARX_wb,8.257,2.414,1.214,1.8
48,GNAR,1.686,1.714,0.586,1.671
48,GNARX_wb,8.457,2.714,1.6,2.057
49,GNAR,1.029,0.614,-0.571,1.2
49,GNARX_wb,8.529,2.829,1.657,2.143
50,GNAR,1.171,1.214,-0.243,1.186
50,GNARX_wb,8.386,2.7,1.6,1.929
51,GNAR,1.2,1.3,-0.014,1.371
51,GNARX_wb,8.586,2.757,1.614,2.043
52,GNAR,1.114,0.514,-1.629,0.2
52,GNARX_wb,8.286,2.557,1.057,1.657
53,GNAR,0.4,-0.529,-2.214,0.343
53,GNARX_wb,8.271,2.2,0.971,1.914
54,GNAR,0.571,0.686,-1.014,0.914
54,GNARX_wb,8.414,2.543,1.214,1.986
55,GNAR,0.2,-0.957,-2.957,-0.171
55,GNARX_wb,8.314,2.6,1.4,1.943
56,GNAR,1.029,0.257,-1.657,0.871
56,GNARX_wb,8.486,2.671,1.514,2.143
57,GNAR,0.986,1.714,0.1,1.486
57,GNARX_wb,8.629,2.843,1.671,2.171
58,GNAR,1.414,0.714,-0.914,0.543
58,GNARX_wb,8.543,2.629,1.4,1.814
59,GNAR,1.543,1.514,0.257,1.329
59,GNARX_wb,9.057,2.786,1.543,1.929
60,GNAR,0.9,0.386,-1.114,0.857
60,GNARX_wb,8.8,2.757,1.486,2.057
61,GNAR,0.829,-0.071,-1.8,0.2
61,GNARX_wb,8.371,2.314,0.986,1.729
62,GNAR,1.371,0.457,-1.286,0.329
62,GNARX_wb,8.486,2.557,1.286,1.714
63,GNAR,0.971,-0.329,-2.171,0.429
63,GNARX_wb,7.914,2.057,0.914,1.757
64,GNAR,1.157,0.557,-1.1,0.986
64,GNARX_wb,8.3,2.457,1.257,1.929
65,GNAR,1.143,0.871,-0.8,0.843
65,GNARX_wb,8.529,2.614,1.243,1.929
66,GNAR,1.686,0.757,-0.971,0.657
66,GNARX_wb,8.571,2.657,1.271,1.786
67,GNAR,1.371,-0.043,-1.929,0.043
67,GNARX_wb,8.457,2.3,0.943,1.771
68,GNAR,0.857,0.986,-0.429,1.486
68,GNARX_wb,8.614,2.671,1.343,1.986
69,GNAR,1.157,1.171,-0.429,1.5
69,GNARX_wb,8.471,2.643,1.514,2.143
70,GNAR,1.714,0.886,-0.929,0.7
70,GNARX_wb,8.414,2.5,1.243,1.914
71,GNAR,1.114,0.343,-1.771,0.514
71,GNARX_wb,8.586,2.529,1.157,1.986
72,GNAR,1.243,0.6,-1.414,0.886
72,GNARX_wb,8.671,2.843,1.514,2.186
73,GNAR,0.871,-0.757,-2.671,-0.129
73,GNARX_wb,8.7,2.771,1.529,1.929
74,GNAR,1.586,1.414,-0.157,1.186
74,GNARX_wb,8.829,2.957,1.7,2.1
75,GNAR,0.7,0.586,-1.014,1.029
75,GNARX_wb,8.157,2.614,1.486,2.129
76,GNAR,0.929,0.471,-1.314,0.4
76,GNARX_wb,8.457,2.7,1.614,2.129
77,GNAR,1.286,0.414,-1.743,0.557
77,GNARX_wb,8.4,2.571,1.286,2.071
78,GNAR,1.114,0.286,-1.7,0.571
78,GNARX_wb,8.629,2.457,1.186,1.857
79,GNAR,0.914,0.829,-0.529,1.257
79,GNARX_wb,8.5,2.771,1.657,2.143
80,GNAR,1.414,0.2,-1.8,0.443
80,GNARX_wb,8.8,2.743,1.271,1.957
81,GNAR,0.914,-0.314,-2.171,0.186
81,GNARX_wb,8.514,2.843,1.629,2.014
82,GNAR,2.029,0.814,-1.043,0.757
82,GNARX_wb,8.614,2.614,1.357,1.986
83,GNAR,1.371,-0.371,-2.3,0.686
83,GNARX_wb,8.843,2.514,1.157,1.9
84,GNAR,0.957,0.871,-0.314,1.114
84,GNARX_wb,8.386,2.571,1.514,2.057
85,GNAR,1.529,0.986,-0.743,1.057
85,GNARX_wb,8.443,2.686,1.471,2.086
86,GNAR,1.329,0.486,-1.157,0.714
86,GNARX_wb,8.429,2.614,1.529,2.057
87,GNAR,1.043,0.343,-1.257,0.4
87,GNARX_wb,8.214,2.4,1.157,1.829
88,GNAR,1.286,-0.014,-1.914,0.257
88,GNARX_wb,8.443,2.343,1.029,1.814
89,GNAR,1.114,0.771,-0.957,0.871
89,GNARX_wb,8.514,2.771,1.571,2.029
90,GNAR,1.414,1.014,-0.686,0.643
90,GNARX_wb,8.457,2.471,1.257,1.829
91,GNAR,0.557,-0.514,-2.571,0.329
91,GNARX_wb,8.229,2.043,0.471,1.657
92,GNAR,0.686,-0.043,-1.871,0.257
92,GNARX_wb,8.571,2.514,1.071,1.771
93,GNAR,1.743,0.957,-1.086,0.7
93,GNARX_wb,8.629,2.957,1.643,2.071
94,GNAR,1.486,0.7,-0.7,0.471
94,GNARX_wb,8.529,2.571,1.443,1.886
95,GNAR,0.757,-0.343,-2.414,0.186
95,GNARX_wb,8.186,2.229,0.971,1.829
96,GNAR,1.171,1.286,-0.486,1.514
96,GNARX_wb,8.643,2.629,1.386,2.086
97,GNAR,1.329,2.014,0.9,2.114
97,GNARX_wb,8.414,2.714,1.514,2.043
98,GNAR,0.7,-0.4,-1.986,0.229
98,GNARX_wb,8.643,2.629,1.514,2.057
99,GNAR,0.771,0.814,-1.014,1.229
99,GNARX_wb,8.514,2.729,1.514,2.1
100,GNAR,1.957,0.6,-1.429,0.186
100,GNARX_wb,8.429,2.586,1.443,2.043
101,GNAR,1.357,1.286,-0.057,1.357
101,GNARX_wb,8.5,2.757,1.571,2.086
102,GNAR,0.714,0.4,-1.529,0.5
102,GNARX_wb,8.557,2.643,1.271,2.1
103,GNAR,0.257,-0.686,-2.4,0.086
103,GNARX_wb,8.014,1.9,0.514,1.471
104,GNAR,0.771,-0.286,-2.171,0.186
104,GNARX_wb,8.4,2.314,1.071,1.829
105,GNAR,1.6,1.086,-0.557,1.257
105,GNARX_wb,8.543,2.614,1.371,1.929
106,GNAR,1.629,2.1,1.071,1.914
106,GNARX_wb,8.5,2.857,1.686,2.043
107,GNAR,0.914,0.629,-0.743,0.686
107,GNARX_wb,8.3,2.529,1.429,1.9
108,GNAR,0.971,0.771,-0.829,1.271
108,GNARX_wb,8.6,2.529,1.043,1.886
109,GNAR,1.114,-0.1,-2.057,0.286
109,GNARX_wb,8.614,2.386,1.057,1.857
110,GNAR,1.214,0.5,-1.257,0.529
110,GNARX_wb,8.314,2.414,1.114,1.829
111,GNAR,1.9,0.971,-0.8,0.614
111,GNARX_wb,8.786,2.871,1.614,1.886
112,GNAR,0.671,1.0,-0.214,2.014
112,GNARX_wb,8.571,2.543,1.186,2.071
113,GNAR,0.329,0.214,-1.371,0.929
113,GNARX_wb,8.629,2.771,1.614,2.1
114,GNAR,1.629,0.886,-0.471,1.557
114,GNARX_wb,8.729,2.5,1.314,2.014
115,GNAR,0.686,0.257,-1.671,0.514
115,GNARX_wb,8.614,2.814,1.6,2.114
116,GNAR,1.443,0.357,-1.6,0.5
116,GNARX_wb,8.486,2.614,1.4,1.971
117,GNAR,1.057,0.686,-0.857,1.071
117,GNARX_wb,8.586,2.743,1.514,2.129
118,GNAR,1.557,0.471,-1.743,0.214
118,GNARX_wb,8.8,2.8,1.286,1.914
119,GNAR,1.286,0.3,-1.757,0.414
119,GNARX_wb,8.614,2.571,0.971,1.7
120,GNAR,1.443,0.986,-0.229,1.2
120,GNARX_wb,8.614,2.586,1.371,2.043
121,GNAR,1.471,0.514,-1.457,0.571
121,GNARX_wb,8.557,2.7,1.5,2.114
122,GNAR,0.157,-0.814,-2.071,0.243
122,GNARX_wb,7.786,1.871,0.743,1.657
123,GNAR,1.171,1.143,-0.2,1.5
123,GNARX_wb,8.7,2.9,1.729,2.243
124,GNAR,1.114,0.457,-1.243,1.014
124,GNARX_wb,8.471,2.514,1.3,1.929
125,GNAR,1.4,1.129,-0.5,1.143
125,GNARX_wb,8.757,2.929,1.7,2.1
126,GNAR,1.386,0.357,-1.529,0.4
126,GNARX_wb,8.529,2.5,1.043,1.8
127,GNAR,1.029,-0.0,-1.571,0.214
127,GNARX_wb,8.6,2.657,1.386,1.914
128,GNAR,1.214,0.757,-0.857,0.943
128,GNARX_wb,8.414,2.657,1.414,2.014
129,GNAR,1.057,1.143,-0.886,0.686
129,GNARX_wb,8.414,2.757,1.3,1.786
130,GNAR,1.329,0.057,-1.629,0.157
130,GNARX_wb,8.286,2.3,1.043,1.686
131,GNAR,0.957,0.071,-1.986,0.243
131,GNARX_wb,8.343,2.314,0.971,1.829
132,GNAR,1.0,0.0,-1.729,0.157
132,GNARX_wb,8.643,2.6,1.329,1.814
133,GNAR,1.243,-0.143,-2.114,-0.257
133,GNARX_wb,8.643,2.643,1.286,1.643
134,GNAR,1.071,-0.214,-1.871,0.186
134,GNARX_wb,8.357,2.329,1.171,1.843
135,GNAR,1.286,-0.314,-2.6,-0.471
135,GNARX_wb,8.457,2.229,0.657,1.386
136,GNAR,1.286,0.286,-1.7,0.6
136,GNARX_wb,8.686,2.571,1.043,1.843
137,GNAR,0.886,0.014,-1.871,0.4
137,GNARX_wb,8.129,2.314,1.014,1.786
138,GNAR,1.157,0.414,-1.286,0.471
138,GNARX_wb,8.343,2.429,1.343,1.871
139,GNAR,0.886,-0.371,-2.271,0.214
139,GNARX_wb,8.486,2.429,1.143,1.843
140,GNAR,1.414,0.614,-1.3,0.214
140,GNARX_wb,8.571,2.7,1.314,1.757
141,GNAR,0.829,0.086,-2.271,0.257
141,GNARX_wb,8.643,2.686,1.457,2.043
142,GNAR,1.8,1.243,-0.529,1.171
142,GNARX_wb,8.6,2.743,1.543,2.129
143,GNAR,1.157,1.086,-0.329,1.186
143,GNARX_wb,8.6,2.686,1.543,2.086
144,GNAR,0.457,-0.743,-2.843,-0.371
144,GNARX_wb,8.214,2.171,0.871,1.671
145,GNAR,1.343,0.629,-1.286,0.943
145,GNARX_wb,8.614,2.629,1.214,2.0
146,GNAR,0.857,-0.471,-2.4,0.229
146,GNARX_wb,8.5,2.357,1.029,1.871
147,GNAR,1.229,0.557,-1.471,0.443
147,GNARX_wb,8.5,2.571,1.429,2.157
148,GNAR,0.829,-0.114,-1.886,0.429
148,GNARX_wb,8.686,2.843,1.5,2.057
149,GNAR,0.514,-0.786,-2.443,-0.229
149,GNARX_wb,8.4,2.114,0.843,1.757
150,GNAR,1.329,1.443,-0.014,2.057
150,GNARX_wb,8.629,2.786,1.471,2.2
151,GNAR,0.371,-0.6,-2.357,-0.086
151,GNARX_wb,8.086,2.114,0.8,1.7
152,GNAR,1.114,0.343,-1.343,0.971
152,GNARX_wb,8.557,2.771,1.5,2.071
153,GNAR,0.614,-0.186,-2.143,0.586
153,GNARX_wb,8.457,2.414,1.014,1.871
154,GNAR,0.414,0.743,-1.314,0.529
154,GNARX_wb,8.614,2.8,1.529,2.086
155,GNAR,0.086,-0.229,-1.614,1.043
155,GNARX_wb,8.557,2.757,1.514,2.143
156,GNAR,1.5,0.571,-1.3,0.586
156,GNARX_wb,8.557,2.7,1.5,2.029
157,GNAR,0.457,-0.243,-2.157,0.343
157,GNARX_wb,8.4,2.671,1.314,1.986
158,GNAR,1.443,0.429,-1.029,1.3
158,GNARX_wb,8.771,2.529,1.4,2.129
159,GNAR,0.671,1.114,-0.043,1.771
159,GNARX_wb,8.4,2.771,1.686,2.186
160,GNAR,1.457,0.557,-1.443,0.629
160,GNARX_wb,8.586,2.443,1.114,1.771
161,GNAR,1.071,0.386,-1.629,0.8
161,GNARX_wb,8.571,2.643,1.343,1.971
162,GNAR,1.4,-0.057,-2.286,0.029
162,GNARX_wb,8.614,2.4,0.9,1.614
163,GNAR,1.386,1.6,0.143,1.343
163,GNARX_wb,8.586,2.871,1.814,2.171
164,GNAR,0.914,0.657,-0.5,1.171
164,GNARX_wb,8.214,2.443,1.357,1.943
165,GNAR,1.386,0.486,-1.429,0.243
165,GNARX_wb,8.586,2.529,1.157,1.9
166,GNAR,0.629,0.086,-1.8,0.571
166,GNARX_wb,8.6,2.514,1.0,1.8
167,GNAR,1.2,1.3,0.171,1.443
167,GNARX_wb,8.514,2.7,1.486,1.886
168,GNAR,1.357,0.671,-0.871,0.8
168,GNARX_wb,8.586,2.671,1.443,2.029
169,GNAR,1.343,0.686,-1.386,0.557
169,GNARX_wb,8.643,2.657,1.086,1.729
170,GNAR,1.071,0.914,-0.471,1.0
170,GNARX_wb,8.286,2.529,1.543,1.957
171,GNAR,0.929,0.229,-1.4,0.257
171,GNARX_wb,8.514,2.6,1.371,1.986
172,GNAR,0.371,-0.271,-2.043,0.543
172,GNARX_wb,8.586,2.286,0.857,1.843
173,GNAR,1.286,1.529,0.486,1.857
173,GNARX_wb,8.257,2.543,1.586,2.0
174,GNAR,1.671,0.6,-1.214,0.6
174,GNARX_wb,8.529,2.686,1.529,2.0
175,GNAR,1.257,-0.243,-2.429,-0.014
175,GNARX_wb,8.614,2.657,1.157,1.814
176,GNAR,1.314,1.714,0.614,1.729
176,GNARX_wb,8.4,2.757,1.6,2.1
177,GNAR,1.2,0.243,-1.486,0.3
177,GNARX_wb,8.629,2.571,1.429,1.814
178,GNAR,0.257,-1.229,-3.5,-0.143
178,GNARX_wb,8.329,2.214,0.743,1.886
179,GNAR,1.071,0.343,-1.671,0.229
179,GNARX_wb,8.557,2.8,1.571,2.171
180,GNAR,1.143,0.129,-1.414,0.157
180,GNARX_wb,8.571,2.486,1.329,1.814
181,GNAR,1.029,-0.071,-2.029,0.257
181,GNARX_wb,8.614,2.486,1.086,1.771
182,GNAR,0.957,0.371,-1.243,0.571
182,GNARX_wb,8.757,2.743,1.314,1.971
183,GNAR,0.771,-0.543,-2.371,0.043
183,GNARX_wb,8.614,2.729,1.543,2.1
184,GNAR,1.1,0.057,-2.1,0.371
184,GNARX_wb,8.543,2.629,1.329,2.071
185,GNAR,1.443,1.186,-0.271,0.8
185,GNARX_wb,8.386,2.529,1.343,2.057
186,GNAR,0.929,0.414,-1.343,0.414
186,GNARX_wb,8.443,2.614,1.557,2.086
187,GNAR,0.543,0.129,-1.686,0.871
187,GNARX_wb,8.414,2.471,1.114,1.929
188,GNAR,0.943,0.329,-1.4,0.671
188,GNARX_wb,8.486,2.571,1.343,2.0
189,GNAR,1.443,0.471,-1.157,0.771
189,GNARX_wb,8.543,2.629,1.443,2.114
190,GNAR,0.357,-0.043,-1.386,0.6
190,GNARX_wb,8.557,2.743,1.571,2.157
191,GNAR,0.557,0.857,-0.143,1.3
191,GNARX_wb,8.486,2.8,1.7,2.229
192,GNAR,0.629,-0.314,-2.443,0.286
192,GNARX_wb,8.586,2.586,1.3,1.971
193,GNAR,1.786,0.943,-0.729,1.371
193,GNARX_wb,8.671,2.786,1.457,2.071
194,GNAR,1.471,1.171,-0.214,0.986
194,GNARX_wb,8.457,2.8,1.743,1.957
195,GNAR,1.029,-0.014,-2.086,0.329
195,GNARX_wb,8.686,2.5,0.886,1.714
196,GNAR,1.571,0.471,-1.671,0.657
196,GNARX_wb,8.757,2.671,1.329,1.986
197,GNAR,1.243,0.571,-0.957,0.757
197,GNARX_wb,8.529,2.743,1.743,2.157
198,GNAR,1.429,0.857,-0.671,1.157
198,GNARX_wb,8.5,2.743,1.471,2.0
199,GNAR,1.014,1.371,-0.3,2.086
199,GNARX_wb,8.986,2.857,1.4,2.114
