Lake,Model,Horizon_m,RMSE_m,MAE_m,n_scored,skill_vs_RW_%,skill_vs_SARIMA_%,nRMSE_pct,MASE
Lake Albert,RandomWalk,1,0.1539,0.1214,60,0.0,-23.8,27.1,0.285
Lake Albert,RandomWalk,3,0.3798,0.2944,58,0.0,-24.3,67.0,0.692
Lake Albert,RandomWalk,6,0.6187,0.4954,55,0.0,-11.6,109.1,1.165
Lake Albert,RandomWalk,12,0.9827,0.8373,49,0.0,10.0,173.3,1.969
Lake Albert,SeasonalNaive,1,1.1274,0.9497,60,-632.6,-807.0,198.8,2.233
Lake Albert,SeasonalNaive,3,1.0588,0.9007,58,-178.8,-246.6,186.7,2.118
Lake Albert,SeasonalNaive,6,0.9872,0.8439,55,-59.6,-78.1,174.1,1.984
Lake Albert,SeasonalNaive,12,0.9827,0.8373,49,0.0,10.0,173.3,1.969
Lake Albert,ARIMA,1,0.1328,0.1082,60,13.7,-6.8,23.4,0.254
Lake Albert,ARIMA,3,0.3541,0.2861,58,6.8,-15.9,62.4,0.673
Lake Albert,ARIMA,6,0.6065,0.4956,55,2.0,-9.4,106.9,1.165
Lake Albert,ARIMA,12,0.9661,0.8222,49,1.7,11.5,170.4,1.933
Lake Albert,SARIMA,1,0.1243,0.1003,60,19.2,0.0,21.9,0.236
Lake Albert,SARIMA,3,0.3055,0.2348,58,19.6,0.0,53.9,0.552
Lake Albert,SARIMA,6,0.5542,0.4443,55,10.4,0.0,97.7,1.045
Lake Albert,SARIMA,12,1.0918,0.913,49,-11.1,0.0,192.5,2.147
Lake Edward,RandomWalk,1,0.1074,0.0853,60,0.0,-23.4,35.0,0.286
Lake Edward,RandomWalk,3,0.2097,0.1683,58,0.0,-25.0,68.4,0.564
Lake Edward,RandomWalk,6,0.2486,0.2017,55,0.0,-0.9,81.1,0.676
Lake Edward,RandomWalk,12,0.2818,0.2364,49,0.0,0.9,91.9,0.792
Lake Edward,SeasonalNaive,1,0.2769,0.2321,60,-157.8,-218.3,90.3,0.777
Lake Edward,SeasonalNaive,3,0.268,0.2242,58,-27.8,-59.7,87.4,0.751
Lake Edward,SeasonalNaive,6,0.2706,0.2253,55,-8.8,-9.9,88.3,0.755
Lake Edward,SeasonalNaive,12,0.2818,0.2364,49,0.0,0.9,91.9,0.792
Lake Edward,ARIMA,1,0.0879,0.0674,60,18.2,-1.0,28.7,0.226
Lake Edward,ARIMA,3,0.1705,0.1356,58,18.7,-1.6,55.6,0.454
Lake Edward,ARIMA,6,0.249,0.2021,55,-0.2,-1.1,81.2,0.677
Lake Edward,ARIMA,12,0.2818,0.2364,49,0.0,0.9,91.9,0.792
Lake Edward,SARIMA,1,0.087,0.0685,60,19.0,0.0,28.4,0.229
Lake Edward,SARIMA,3,0.1678,0.1339,58,20.0,0.0,54.7,0.448
Lake Edward,SARIMA,6,0.2463,0.2002,55,0.9,0.0,80.3,0.671
Lake Edward,SARIMA,12,0.2844,0.2391,49,-0.9,0.0,92.8,0.801
Lake Kivu,RandomWalk,1,0.1098,0.0836,60,0.0,-32.1,33.6,0.286
Lake Kivu,RandomWalk,3,0.2281,0.1896,58,0.0,-84.4,69.8,0.649
Lake Kivu,RandomWalk,6,0.3035,0.2554,55,0.0,-78.1,92.9,0.874
Lake Kivu,RandomWalk,12,0.2057,0.1616,49,0.0,3.3,63.0,0.553
Lake Kivu,SeasonalNaive,1,0.202,0.1611,60,-84.0,-143.1,61.9,0.551
Lake Kivu,SeasonalNaive,3,0.1979,0.1564,58,13.2,-60.0,60.6,0.535
Lake Kivu,SeasonalNaive,6,0.197,0.1537,55,35.1,-15.6,60.3,0.526
Lake Kivu,SeasonalNaive,12,0.2057,0.1616,49,0.0,3.3,63.0,0.553
Lake Kivu,ARIMA,1,0.0888,0.069,60,19.1,-6.9,27.2,0.236
Lake Kivu,ARIMA,3,0.1455,0.113,58,36.2,-17.6,44.6,0.387
Lake Kivu,ARIMA,6,0.1722,0.1349,55,43.3,-1.1,52.7,0.461
Lake Kivu,ARIMA,12,0.2059,0.1617,49,-0.1,3.2,63.0,0.553
Lake Kivu,SARIMA,1,0.0831,0.0617,60,24.3,0.0,25.4,0.211
Lake Kivu,SARIMA,3,0.1237,0.0958,58,45.8,0.0,37.9,0.328
Lake Kivu,SARIMA,6,0.1704,0.1346,55,43.9,0.0,52.2,0.46
Lake Kivu,SARIMA,12,0.2128,0.1657,49,-3.5,0.0,65.2,0.567
Lake Malawi,RandomWalk,1,0.2235,0.185,60,0.0,-102.8,34.7,0.639
Lake Malawi,RandomWalk,3,0.5707,0.4954,58,0.0,-130.7,88.6,1.71
Lake Malawi,RandomWalk,6,0.7759,0.6755,55,0.0,-108.5,120.5,2.331
Lake Malawi,RandomWalk,12,0.547,0.5005,49,0.0,1.4,84.9,1.727
Lake Malawi,SeasonalNaive,1,0.5048,0.4485,60,-125.9,-358.1,78.4,1.548
Lake Malawi,SeasonalNaive,3,0.5113,0.4573,58,10.4,-106.7,79.4,1.578
Lake Malawi,SeasonalNaive,6,0.5239,0.4751,55,32.5,-40.8,81.4,1.64
Lake Malawi,SeasonalNaive,12,0.547,0.5005,49,0.0,1.4,84.9,1.727
Lake Malawi,ARIMA,1,0.131,0.0952,60,41.4,-18.9,20.3,0.329
Lake Malawi,ARIMA,3,0.3122,0.2337,58,45.3,-26.2,48.5,0.807
Lake Malawi,ARIMA,6,0.4114,0.3018,55,47.0,-10.6,63.9,1.042
Lake Malawi,ARIMA,12,0.5457,0.4958,49,0.2,1.7,84.7,1.711
Lake Malawi,SARIMA,1,0.1102,0.0692,60,50.7,0.0,17.1,0.239
Lake Malawi,SARIMA,3,0.2474,0.1658,58,56.6,0.0,38.4,0.572
Lake Malawi,SARIMA,6,0.3721,0.2811,55,52.0,0.0,57.8,0.97
Lake Malawi,SARIMA,12,0.5549,0.4783,49,-1.4,0.0,86.2,1.651
Lake Tanganyika,RandomWalk,1,0.1712,0.1472,60,0.0,-95.0,36.5,0.497
Lake Tanganyika,RandomWalk,3,0.4286,0.3809,58,0.0,-111.5,91.5,1.287
Lake Tanganyika,RandomWalk,6,0.6197,0.5191,55,0.0,-81.3,132.2,1.754
Lake Tanganyika,RandomWalk,12,0.4753,0.394,49,0.0,-4.5,101.4,1.332
Lake Tanganyika,SeasonalNaive,1,0.491,0.414,60,-186.8,-459.2,104.8,1.399
Lake Tanganyika,SeasonalNaive,3,0.4708,0.3975,58,-9.8,-132.4,100.5,1.343
Lake Tanganyika,SeasonalNaive,6,0.4615,0.3862,55,25.5,-35.0,98.5,1.305
Lake Tanganyika,SeasonalNaive,12,0.4753,0.394,49,0.0,-4.5,101.4,1.332
Lake Tanganyika,ARIMA,1,0.095,0.066,60,44.5,-8.2,20.3,0.223
Lake Tanganyika,ARIMA,3,0.1962,0.1454,58,54.2,3.2,41.9,0.491
Lake Tanganyika,ARIMA,6,0.3109,0.2415,55,49.8,9.0,66.3,0.816
Lake Tanganyika,ARIMA,12,0.4696,0.3888,49,1.2,-3.3,100.2,1.314
Lake Tanganyika,SARIMA,1,0.0878,0.0624,60,48.7,0.0,18.7,0.211
Lake Tanganyika,SARIMA,3,0.2026,0.1551,58,52.7,0.0,43.2,0.524
Lake Tanganyika,SARIMA,6,0.3418,0.2706,55,44.8,0.0,72.9,0.915
Lake Tanganyika,SARIMA,12,0.4547,0.3789,49,4.3,0.0,97.0,1.281
Lake Turkana,RandomWalk,1,0.1204,0.086,60,0.0,-20.8,10.7,0.129
Lake Turkana,RandomWalk,3,0.2748,0.2148,58,0.0,-12.0,24.4,0.322
Lake Turkana,RandomWalk,6,0.449,0.3703,55,0.0,-8.6,39.8,0.555
Lake Turkana,RandomWalk,12,0.8021,0.6708,49,0.0,-18.0,71.1,1.005
Lake Turkana,SeasonalNaive,1,0.9157,0.7675,60,-660.5,-818.5,81.2,1.15
Lake Turkana,SeasonalNaive,3,0.8634,0.7292,58,-214.2,-251.8,76.5,1.093
Lake Turkana,SeasonalNaive,6,0.8058,0.683,55,-79.5,-94.9,71.4,1.023
Lake Turkana,SeasonalNaive,12,0.8021,0.6708,49,0.0,-18.0,71.1,1.005
Lake Turkana,ARIMA,1,0.1073,0.0785,60,10.9,-7.6,9.5,0.118
Lake Turkana,ARIMA,3,0.2793,0.2261,58,-1.6,-13.8,24.8,0.339
Lake Turkana,ARIMA,6,0.4604,0.3842,55,-2.5,-11.4,40.8,0.576
Lake Turkana,ARIMA,12,0.7758,0.6526,49,3.3,-14.1,68.8,0.978
Lake Turkana,SARIMA,1,0.0997,0.0722,60,17.2,0.0,8.8,0.108
Lake Turkana,SARIMA,3,0.2454,0.1988,58,10.7,0.0,21.8,0.298
Lake Turkana,SARIMA,6,0.4134,0.3584,55,7.9,0.0,36.6,0.537
Lake Turkana,SARIMA,12,0.68,0.615,49,15.2,0.0,60.3,0.922
Lake Victoria,RandomWalk,1,0.1099,0.0894,60,0.0,-75.6,19.9,0.282
Lake Victoria,RandomWalk,3,0.2405,0.1921,58,0.0,-72.4,43.6,0.607
Lake Victoria,RandomWalk,6,0.3206,0.2448,55,0.0,-41.5,58.2,0.773
Lake Victoria,RandomWalk,12,0.3363,0.29,49,0.0,1.3,61.0,0.916
Lake Victoria,SeasonalNaive,1,0.3233,0.2746,60,-194.2,-416.5,58.7,0.867
Lake Victoria,SeasonalNaive,3,0.3162,0.2675,58,-31.5,-126.7,57.4,0.845
Lake Victoria,SeasonalNaive,6,0.3235,0.2768,55,-0.9,-42.8,58.7,0.874
Lake Victoria,SeasonalNaive,12,0.3363,0.29,49,0.0,1.3,61.0,0.916
Lake Victoria,ARIMA,1,0.09,0.0719,60,18.1,-43.8,16.3,0.227
Lake Victoria,ARIMA,3,0.2323,0.1892,58,3.4,-66.5,42.2,0.598
Lake Victoria,ARIMA,6,0.3104,0.2426,55,3.2,-37.0,56.3,0.766
Lake Victoria,ARIMA,12,0.3402,0.2913,49,-1.2,0.1,61.7,0.92
Lake Victoria,SARIMA,1,0.0626,0.0503,60,43.0,0.0,11.4,0.159
Lake Victoria,SARIMA,3,0.1395,0.1096,58,42.0,0.0,25.3,0.346
Lake Victoria,SARIMA,6,0.2266,0.1745,55,29.3,0.0,41.1,0.551
Lake Victoria,SARIMA,12,0.3407,0.2929,49,-1.3,0.0,61.8,0.925
