Lake,Model,Horizon_m,RMSE_m,MAE_m,skill_vs_RW_%
Lake Albert,RandomWalk,1,0.1539,0.1214,0.0
Lake Albert,RandomWalk,3,0.3798,0.2944,0.0
Lake Albert,RandomWalk,6,0.6187,0.4954,0.0
Lake Albert,RandomWalk,12,0.9827,0.8373,0.0
Lake Albert,SeasonalNaive,1,1.1274,0.9497,-632.6
Lake Albert,SeasonalNaive,3,1.0588,0.9007,-178.8
Lake Albert,SeasonalNaive,6,0.9872,0.8439,-59.6
Lake Albert,SeasonalNaive,12,0.9827,0.8373,0.0
Lake Albert,ARIMA,1,0.1328,0.1082,13.7
Lake Albert,ARIMA,3,0.3541,0.2861,6.8
Lake Albert,ARIMA,6,0.6065,0.4956,2.0
Lake Albert,ARIMA,12,0.9661,0.8222,1.7
Lake Albert,SARIMA,1,0.1243,0.1003,19.2
Lake Albert,SARIMA,3,0.3055,0.2348,19.6
Lake Albert,SARIMA,6,0.5542,0.4443,10.4
Lake Albert,SARIMA,12,1.0918,0.913,-11.1
Lake Edward,RandomWalk,1,0.1074,0.0853,0.0
Lake Edward,RandomWalk,3,0.2097,0.1683,0.0
Lake Edward,RandomWalk,6,0.2486,0.2017,0.0
Lake Edward,RandomWalk,12,0.2818,0.2364,0.0
Lake Edward,SeasonalNaive,1,0.2769,0.2321,-157.8
Lake Edward,SeasonalNaive,3,0.268,0.2242,-27.8
Lake Edward,SeasonalNaive,6,0.2706,0.2253,-8.8
Lake Edward,SeasonalNaive,12,0.2818,0.2364,0.0
Lake Edward,ARIMA,1,0.0879,0.0674,18.2
Lake Edward,ARIMA,3,0.1705,0.1356,18.7
Lake Edward,ARIMA,6,0.249,0.2021,-0.2
Lake Edward,ARIMA,12,0.2818,0.2364,0.0
Lake Edward,SARIMA,1,0.087,0.0685,19.0
Lake Edward,SARIMA,3,0.1678,0.1339,20.0
Lake Edward,SARIMA,6,0.2463,0.2002,0.9
Lake Edward,SARIMA,12,0.2844,0.2391,-0.9
Lake Kivu,RandomWalk,1,0.1098,0.0836,0.0
Lake Kivu,RandomWalk,3,0.2281,0.1896,0.0
Lake Kivu,RandomWalk,6,0.3035,0.2554,0.0
Lake Kivu,RandomWalk,12,0.2057,0.1616,0.0
Lake Kivu,SeasonalNaive,1,0.202,0.1611,-84.0
Lake Kivu,SeasonalNaive,3,0.1979,0.1564,13.2
Lake Kivu,SeasonalNaive,6,0.197,0.1537,35.1
Lake Kivu,SeasonalNaive,12,0.2057,0.1616,0.0
Lake Kivu,ARIMA,1,0.0888,0.069,19.1
Lake Kivu,ARIMA,3,0.1455,0.113,36.2
Lake Kivu,ARIMA,6,0.1722,0.1349,43.3
Lake Kivu,ARIMA,12,0.2059,0.1617,-0.1
Lake Kivu,SARIMA,1,0.0831,0.0617,24.3
Lake Kivu,SARIMA,3,0.1237,0.0958,45.8
Lake Kivu,SARIMA,6,0.1704,0.1346,43.9
Lake Kivu,SARIMA,12,0.2128,0.1657,-3.5
Lake Malawi,RandomWalk,1,0.2235,0.185,0.0
Lake Malawi,RandomWalk,3,0.5707,0.4954,0.0
Lake Malawi,RandomWalk,6,0.7759,0.6755,0.0
Lake Malawi,RandomWalk,12,0.547,0.5005,0.0
Lake Malawi,SeasonalNaive,1,0.5048,0.4485,-125.9
Lake Malawi,SeasonalNaive,3,0.5113,0.4573,10.4
Lake Malawi,SeasonalNaive,6,0.5239,0.4751,32.5
Lake Malawi,SeasonalNaive,12,0.547,0.5005,0.0
Lake Malawi,ARIMA,1,0.131,0.0952,41.4
Lake Malawi,ARIMA,3,0.3122,0.2337,45.3
Lake Malawi,ARIMA,6,0.4114,0.3018,47.0
Lake Malawi,ARIMA,12,0.5457,0.4958,0.2
Lake Malawi,SARIMA,1,0.1102,0.0692,50.7
Lake Malawi,SARIMA,3,0.2474,0.1658,56.6
Lake Malawi,SARIMA,6,0.3721,0.2811,52.0
Lake Malawi,SARIMA,12,0.5549,0.4783,-1.4
Lake Tanganyika,RandomWalk,1,0.1712,0.1472,0.0
Lake Tanganyika,RandomWalk,3,0.4286,0.3809,0.0
Lake Tanganyika,RandomWalk,6,0.6197,0.5191,0.0
Lake Tanganyika,RandomWalk,12,0.4753,0.394,0.0
Lake Tanganyika,SeasonalNaive,1,0.491,0.414,-186.8
Lake Tanganyika,SeasonalNaive,3,0.4708,0.3975,-9.8
Lake Tanganyika,SeasonalNaive,6,0.4615,0.3862,25.5
Lake Tanganyika,SeasonalNaive,12,0.4753,0.394,0.0
Lake Tanganyika,ARIMA,1,0.095,0.066,44.5
Lake Tanganyika,ARIMA,3,0.1962,0.1454,54.2
Lake Tanganyika,ARIMA,6,0.3109,0.2415,49.8
Lake Tanganyika,ARIMA,12,0.4696,0.3888,1.2
Lake Tanganyika,SARIMA,1,0.0878,0.0624,48.7
Lake Tanganyika,SARIMA,3,0.2026,0.1551,52.7
Lake Tanganyika,SARIMA,6,0.3418,0.2706,44.8
Lake Tanganyika,SARIMA,12,0.4547,0.3789,4.3
Lake Turkana,RandomWalk,1,0.1204,0.086,0.0
Lake Turkana,RandomWalk,3,0.2748,0.2148,0.0
Lake Turkana,RandomWalk,6,0.449,0.3703,0.0
Lake Turkana,RandomWalk,12,0.8021,0.6708,0.0
Lake Turkana,SeasonalNaive,1,0.9157,0.7675,-660.5
Lake Turkana,SeasonalNaive,3,0.8634,0.7292,-214.2
Lake Turkana,SeasonalNaive,6,0.8058,0.683,-79.5
Lake Turkana,SeasonalNaive,12,0.8021,0.6708,0.0
Lake Turkana,ARIMA,1,0.1073,0.0785,10.9
Lake Turkana,ARIMA,3,0.2793,0.2261,-1.6
Lake Turkana,ARIMA,6,0.4604,0.3842,-2.5
Lake Turkana,ARIMA,12,0.7758,0.6526,3.3
Lake Turkana,SARIMA,1,0.0997,0.0722,17.2
Lake Turkana,SARIMA,3,0.2454,0.1988,10.7
Lake Turkana,SARIMA,6,0.4134,0.3584,7.9
Lake Turkana,SARIMA,12,0.68,0.615,15.2
Lake Victoria,RandomWalk,1,0.1099,0.0894,0.0
Lake Victoria,RandomWalk,3,0.2405,0.1921,0.0
Lake Victoria,RandomWalk,6,0.3206,0.2448,0.0
Lake Victoria,RandomWalk,12,0.3363,0.29,0.0
Lake Victoria,SeasonalNaive,1,0.3233,0.2746,-194.2
Lake Victoria,SeasonalNaive,3,0.3162,0.2675,-31.5
Lake Victoria,SeasonalNaive,6,0.3235,0.2768,-0.9
Lake Victoria,SeasonalNaive,12,0.3363,0.29,0.0
Lake Victoria,ARIMA,1,0.09,0.0719,18.1
Lake Victoria,ARIMA,3,0.2323,0.1892,3.4
Lake Victoria,ARIMA,6,0.3104,0.2426,3.2
Lake Victoria,ARIMA,12,0.3402,0.2913,-1.2
Lake Victoria,SARIMA,1,0.0626,0.0503,43.0
Lake Victoria,SARIMA,3,0.1395,0.1096,42.0
Lake Victoria,SARIMA,6,0.2266,0.1745,29.3
Lake Victoria,SARIMA,12,0.3407,0.2929,-1.3
